<step title="Incoming Request" date="2022-11-24T03:05:54.472" instance="97ac57" url="/api/siteextensions/Microsoft.AspNetCore.AzureAppServices.SiteExtension?api-version=2018-11-01" method="GET" type="request" pid="4648,2,21" Accept-Encoding="gzip, deflate" Accept-Language="es" Authorization="PoP..." Host="cfdiweb20221122173229.scm.azurewebsites.net" Referer="https://management.azure.com/subscriptions/a5f1dd8d-d4e9-48f7-8025-3752857b5b99/resourceGroups/ejecutable/providers/Microsoft.Web/sites/CFDIWEB20221122173229/extensions/api/siteextensions/Microsoft.AspNetCore.AzureAppServices.SiteExtension?api-version=2018-11-01" traceparent="00-8d2ccb348a6df3f2eca49326f5f40226-2db54dbe9bb9eaa3-01" x-ms-command-name="WebsitesExtension.GetSiteExtension" x-ms-client-session-id="42e2ce54c1504fe0a30e2a6dbd9ad58f" x-ms-client-request-id="cceb46d7-ba36-4194-b365-d70c2333c078" x-ms-client-location="southcentralus" x-ms-arm-service-request-id="8f7bed73-a6a1-40c7-b49a-91207eb3dc7d" x-ms-activity-vector="IN.01.IN.03" x-ms-arm-request-tracking-id="ca39ca8d-ab6c-4f78-bd39-bbed521cf8d1" x-ms-correlation-request-id="0b8992ca-43c1-4052-bb15-2cd0cdc8e43b" x-ms-routing-request-id="SOUTHCENTRALUS:20221124T030554Z:ca39ca8d-ab6c-4f78-bd39-bbed521cf8d1" x-ms-home-tenant-id="004cab29-4913-4c9d-b7c9-27d651cd7fb7" x-ms-client-ip-address="189.203.231.122" x-ms-client-audience="https://management.core.windows.net/" x-ms-client-scope="user_impersonation" x-ms-client-acr="1" x-ms-client-app-id="c44b4083-3bb0-49c1-b47d-974e53cbdf3c" x-ms-client-app-id-acr="2" x-ms-client-tenant-id="004cab29-4913-4c9d-b7c9-27d651cd7fb7" x-ms-client-issuer="https://sts.windows.net/004cab29-4913-4c9d-b7c9-27d651cd7fb7/" x-ms-client-object-id="2c160654-938b-4f38-8e3d-59d50f5fd6cb" x-ms-client-puid="00037FFE55ABFF55" x-ms-client-alt-sec-id="1:live.com:00037FFE55ABFF55" x-ms-client-principal-id="00037FFE55ABFF55" x-ms-client-authorization-source="RoleBased" x-ms-client-identity-provider="live.com" x-ms-client-wids="62e90394-69f5-4237-9190-012177145e10" x-ms-client-authentication-methods="pwd, mfa" x-ms-client-principal-group-membership-source="Token" x-ms-client-family-name-encoded="RmxvcmVzIE1vbnRlcmRl" x-ms-client-given-name-encoded="a2F0aWEga2FyaW5h" x-ms-arm-network-source="PublicNetwork" x-ms-via-extensions-route="true" x-ms-geo-location="Central US" x-ms-version="20140301" x-ms-request-id="f73b7efd-7fff-4cbf-881f-964cccf1bc28" CLIENT-IP="13.89.171.0:14850" X-ARR-LOG-ID="f73b7efd-7fff-4cbf-881f-964cccf1bc28" X-SITE-DEPLOYMENT-ID="CFDIWEB20221122173229" WAS-DEFAULT-HOSTNAME="cfdiweb20221122173229.scm.azurewebsites.net" X-Forwarded-Proto="https" X-AppService-Proto="https" X-Forwarded-TlsVersion="1.2" X-WAWS-Unencoded-URL="/api/siteextensions/Microsoft.AspNetCore.AzureAppServices.SiteExtension?api-version=2018-11-01" >
  <step title="Incoming GetLocalExtension is arm request." date="2022-11-24T03:05:54.519" /><!-- duration: 0ms -->
  <step title="Package Microsoft.AspNetCore.AzureAppServices.SiteExtension was just installed." date="2022-11-24T03:05:55.121" /><!-- duration: 16ms -->
  <step title="Now querying from local repo for package &apos;Microsoft.AspNetCore.AzureAppServices.SiteExtension&apos;." date="2022-11-24T03:05:55.137" >
    <step title="Search packages locally with filter: Microsoft.AspNetCore.AzureAppServices.SiteExtension" date="2022-11-24T03:05:55.152" /><!-- duration: 16ms -->
    <step title="Adding local metadata to site extensions" date="2022-11-24T03:05:55.185" /><!-- duration: 61ms -->
  </step><!-- duration: 109ms -->
  <step title="Checking if there is other pending installation ..." date="2022-11-24T03:05:55.277" /><!-- duration: 16ms -->
  <step title="Checking if there is any installation require site restart ..." date="2022-11-24T03:05:55.293" /><!-- duration: 47ms -->
  <step title="Checking if there is any installation finished recently, if there is one, update its status." date="2022-11-24T03:05:55.356" >
    <step title="Updated C:\home\site\siteextensions\Microsoft.AspNetCore.AzureAppServices.SiteExtension" date="2022-11-24T03:05:55.465" /><!-- duration: 0ms -->
  </step><!-- duration: 125ms -->
  <step title="Microsoft.AspNetCore.AzureAppServices.SiteExtension finished installation and batch update lock aquired. Will notify Antares GEO to restart website." date="2022-11-24T03:05:55.496" /><!-- duration: 16ms -->
  <step title="Outgoing response" date="2022-11-24T03:05:55.527" type="response" statusCode="200" statusText="OK" Server="Microsoft-IIS/10.0" x-ms-request-id="f73b7efd-7fff-4cbf-881f-964cccf1bc28" X-MS-SITE-OPERATION="restart" Cache-Control="private" X-AspNet-Version="4.0.30319" Content-Type="application/json; charset=utf-8" /><!-- duration: 0ms -->
</step><!-- duration: 1055ms -->
