<step title="Incoming Request" date="2022-11-23T18:36:09.134" instance="97ac57" url="/api/siteextensions/Microsoft.ApplicationInsights.AzureWebSites?api-version=2014-11-01" method="DELETE" type="request" pid="3460,5,5" Content-Length="0" Accept-Encoding="gzip, deflate" Accept-Language="es" Authorization="PoP..." Host="cfdiweb20221122173229.scm.azurewebsites.net" Referer="https://management.azure.com/subscriptions/a5f1dd8d-d4e9-48f7-8025-3752857b5b99/resourcegroups/ejecutable/providers/microsoft.web/sites/CFDIWEB20221122173229/siteextensions/Microsoft.ApplicationInsights.AzureWebSites?api-version=2014-11-01" traceparent="00-5a70f7d601af83bd35b0f0fb34952819-f89d71280340b4ac-01" x-ms-command-name="AppInsightsExtension.PutWebSiteExtension" x-ms-client-session-id="2ec7d933cede49599f8128119cd4a590" x-ms-client-request-id="93fc6916-0cc6-4909-9522-e38dc6ae400f" x-ms-arm-resource-system-data="{&quot;lastModifiedBy&quot;:&quot;katia.monterde15@outlook.com&quot;,&quot;lastModifiedByType&quot;:&quot;User&quot;,&quot;lastModifiedAt&quot;:&quot;2022-11-23T18:36:08.9679161Z&quot;}" x-ms-client-location="southcentralus" x-ms-arm-service-request-id="c46629e5-c3e5-4e92-9af1-d5741f9f9ff2" x-ms-activity-vector="IN.01.IN.0H" x-ms-arm-request-tracking-id="877e6898-b15e-4bd2-871a-6a46ecd0cd46" x-ms-correlation-request-id="a628d9ca-426c-4b49-9569-d1858625c87e" x-ms-routing-request-id="SOUTHCENTRALUS:20221123T183609Z:877e6898-b15e-4bd2-871a-6a46ecd0cd46" x-ms-home-tenant-id="004cab29-4913-4c9d-b7c9-27d651cd7fb7" x-ms-client-ip-address="189.203.231.122" x-ms-client-audience="https://management.core.windows.net/" x-ms-client-scope="user_impersonation" x-ms-client-acr="1" x-ms-client-app-id="c44b4083-3bb0-49c1-b47d-974e53cbdf3c" x-ms-client-app-id-acr="2" x-ms-client-tenant-id="004cab29-4913-4c9d-b7c9-27d651cd7fb7" x-ms-client-issuer="https://sts.windows.net/004cab29-4913-4c9d-b7c9-27d651cd7fb7/" x-ms-client-object-id="2c160654-938b-4f38-8e3d-59d50f5fd6cb" x-ms-client-puid="00037FFE55ABFF55" x-ms-client-alt-sec-id="1:live.com:00037FFE55ABFF55" x-ms-client-principal-id="00037FFE55ABFF55" x-ms-client-authorization-source="RoleBased" x-ms-client-identity-provider="live.com" x-ms-client-wids="62e90394-69f5-4237-9190-012177145e10" x-ms-client-authentication-methods="pwd, mfa" x-ms-client-principal-group-membership-source="Token" x-ms-client-family-name-encoded="RmxvcmVzIE1vbnRlcmRl" x-ms-client-given-name-encoded="a2F0aWEga2FyaW5h" x-ms-arm-network-source="PublicNetwork" x-ms-via-extensions-route="true" x-ms-geo-location="Central US" x-ms-version="20140301" x-ms-request-id="e12f8130-7458-4381-a655-3e1a1580f8be" CLIENT-IP="13.89.171.0:6272" X-ARR-LOG-ID="e12f8130-7458-4381-a655-3e1a1580f8be" X-SITE-DEPLOYMENT-ID="CFDIWEB20221122173229" WAS-DEFAULT-HOSTNAME="cfdiweb20221122173229.scm.azurewebsites.net" X-Forwarded-Proto="https" X-AppService-Proto="https" X-Forwarded-TlsVersion="1.2" X-WAWS-Unencoded-URL="/api/siteextensions/Microsoft.ApplicationInsights.AzureWebSites?api-version=2014-11-01" >
  <step title="Cleanup Xml Logs" date="2022-11-23T18:36:09.134" /><!-- duration: 0ms -->
  <step title="Now querying from local repo for package &apos;Microsoft.ApplicationInsights.AzureWebSites&apos;." date="2022-11-23T18:36:10.010" >
    <step title="Search packages locally with filter: Microsoft.ApplicationInsights.AzureWebSites" date="2022-11-23T18:36:10.025" /><!-- duration: 266ms -->
    <step title="Adding local metadata to site extensions" date="2022-11-23T18:36:10.290" /><!-- duration: 0ms -->
  </step><!-- duration: 297ms -->
  <step title="No package found from local repo with id: Microsoft.ApplicationInsights.AzureWebSites." date="2022-11-23T18:36:10.307" /><!-- duration: 0ms -->
  <step title="Error occurred" date="2022-11-23T18:36:10.322" type="error" text="Site extension Microsoft.ApplicationInsights.AzureWebSites not found." /><!-- duration: 0ms -->
  <step title="Error occurred" date="2022-11-23T18:36:10.511" type="error" text="Failed to uninstall Microsoft.ApplicationInsights.AzureWebSites: SiteExtension id: Microsoft.ApplicationInsights.AzureWebSites not installed locally. Searched directory : C:\home\SiteExtensions\Microsoft.ApplicationInsights.AzureWebSites" stackTrace="   at Kudu.Core.SiteExtensions.SiteExtensionManagerV2.&lt;UninstallExtension&gt;d__30.MoveNext() in C:\Kudu Files\Private\src\master\Kudu.Core\SiteExtensions\SiteExtensionManagerV2.cs:line 620
--- End of stack trace from previous location where exception was thrown ---
   at System.Runtime.CompilerServices.TaskAwaiter.ThrowForNonSuccess(Task task)
   at System.Runtime.CompilerServices.TaskAwaiter.HandleNonSuccessAndDebuggerNotification(Task task)
   at Kudu.Services.SiteExtensions.SiteExtensionController.&lt;UninstallExtension&gt;d__14.MoveNext() in C:\Kudu Files\Private\src\master\Kudu.Services\SiteExtensions\SiteExtensionController.cs:line 357" /><!-- duration: 29ms -->
  <step title="Outgoing response" date="2022-11-23T18:36:10.619" type="response" statusCode="404" statusText="Not Found" Server="Microsoft-IIS/10.0" x-ms-request-id="e12f8130-7458-4381-a655-3e1a1580f8be" Cache-Control="private" X-AspNet-Version="4.0.30319" Content-Type="application/json; charset=utf-8" /><!-- duration: 0ms -->
</step><!-- duration: 1500ms -->
